id,name,country,tier,competitiveness_score
1,Premier League,England,1,0.98
2,La Liga,Spain,1,0.97
3,Bundesliga,Germany,1,0.95
4,Serie A,Italy,1,0.94
5,Ligue 1,France,1,0.92
6,Eredivisie,Netherlands,2,0.82
7,Primeira Liga,Portugal,2,0.8
8,Super Lig,Turkey,2,0.78
9,Scottish Premiership,Scotland,2,0.72
10,Belgian Pro League,Belgium,2,0.75
11,Championship,England,3,0.65
12,2. Bundesliga,Germany,3,0.67
13,Serie B,Italy,3,0.63
14,La Liga 2,Spain,3,0.64
15,Ligue 2,France,3,0.6
16,League One,England,4,0.5
17,3. Liga,Germany,4,0.48
18,Serie C,Italy,4,0.45
19,Tercera Division,Spain,5,0.35
20,National,France,5,0.38
