id,name,league_id,playing_style,formation,avg_possession,pressing_intensity,defensive_line,passing_tempo,league_tier
1,Eng United A01,1,possession,4-5-1,61.6,7.29,7.79,6.38,1
2,Eng City B02,1,direct,5-3-2,51.8,3.64,4.8,4.48,1
3,Eng South C03,1,possession,4-1-4-1,64.7,7.11,6.77,6.91,1
4,Eng North D04,1,high_press,4-1-4-1,62.4,8.53,8.03,7.42,1
5,Eng United E05,1,possession,4-1-4-1,68.4,6.89,5.78,7.87,1
6,Eng East F06,1,possession,3-4-3,65.2,6.72,8.87,7.3,1
7,Eng Central G07,1,direct,4-2-3-1,47.0,3.95,3.52,4.9,1
8,Eng Sporting H08,1,possession,3-4-3,61.6,7.16,7.8,7.25,1
9,Eng Sporting I09,1,direct,4-5-1,52.1,4.94,4.15,5.73,1
10,Eng East J10,1,possession,4-5-1,55.1,6.93,7.66,8.82,1
11,Eng Royal K11,1,counter,4-5-1,41.9,5.84,3.56,3.46,1
12,Eng United L12,1,high_press,5-3-2,58.5,9.06,7.54,8.21,1
13,Eng West M13,1,possession,3-4-3,59.6,3.15,6.75,6.86,1
14,Eng Villa N14,1,counter,4-1-4-1,38.5,3.29,4.13,4.17,1
15,Eng Royal O15,1,counter,5-3-2,43.4,6.92,5.66,4.63,1
16,Eng East P16,1,direct,4-2-3-1,40.3,3.45,5.89,4.85,1
17,Eng East Q17,1,high_press,4-3-3,57.5,6.61,7.79,7.78,1
18,Eng West R18,1,counter,4-3-3,44.5,4.81,3.35,3.47,1
19,Eng West S19,1,counter,4-1-4-1,48.6,6.5,4.06,6.88,1
20,Eng City T20,1,direct,4-2-3-1,46.7,4.36,3.39,6.61,1
21,Spa United A21,2,possession,3-5-2,58.0,4.53,7.32,6.71,1
22,Spa City B22,2,direct,4-4-2,50.8,5.16,5.51,5.34,1
23,Spa East C23,2,possession,5-3-2,56.3,5.08,5.17,7.98,1
24,Spa South D24,2,counter,5-3-2,36.6,5.94,3.68,6.7,1
25,Spa Royal E25,2,direct,3-4-3,45.2,5.95,3.09,6.83,1
26,Spa Town F26,2,counter,3-5-2,36.2,5.43,4.96,6.75,1
27,Spa Villa G27,2,possession,3-4-3,62.1,4.33,6.33,8.08,1
28,Spa North H28,2,counter,4-2-3-1,47.4,7.48,3.56,5.22,1
29,Spa Rovers I29,2,counter,4-4-2,45.1,4.41,5.64,5.91,1
30,Spa South J30,2,direct,4-2-3-1,53.7,4.15,3.15,5.22,1
31,Spa Sporting K31,2,high_press,4-2-3-1,62.4,9.23,6.27,9.81,1
32,Spa United L32,2,counter,3-4-3,38.8,7.68,3.66,3.18,1
33,Spa East M33,2,counter,3-5-2,49.9,7.46,5.99,6.56,1
34,Spa United N34,2,direct,4-4-2,44.7,6.86,5.65,4.49,1
35,Spa North O35,2,direct,4-4-2,51.2,4.31,6.75,3.96,1
36,Spa Town P36,2,possession,4-4-2,57.3,3.9,7.4,9.5,1
37,Spa Royal Q37,2,possession,4-3-3,59.7,6.89,8.89,8.0,1
38,Spa North R38,2,possession,4-1-4-1,58.4,3.66,7.71,6.49,1
39,Spa North S39,2,counter,3-4-3,45.4,5.91,3.8,6.22,1
40,Spa City T40,2,high_press,4-4-2,52.0,6.5,8.71,7.59,1
41,Ger Rovers A41,3,direct,4-2-3-1,47.3,6.31,6.82,4.15,1
42,Ger North B42,3,direct,3-5-2,48.3,6.17,3.42,3.56,1
43,Ger Royal C43,3,high_press,3-5-2,64.5,8.38,8.73,9.22,1
44,Ger Town D44,3,counter,5-3-2,35.3,3.55,6.32,6.19,1
45,Ger West E45,3,counter,4-3-3,43.0,6.03,6.47,5.41,1
46,Ger Central F46,3,counter,4-4-2,41.4,6.26,6.47,4.82,1
47,Ger Villa G47,3,high_press,4-3-3,53.5,8.98,8.27,6.42,1
48,Ger Athletic H48,3,possession,3-5-2,57.2,7.12,6.24,6.58,1
49,Ger Athletic I49,3,direct,4-1-4-1,42.5,4.42,3.61,3.46,1
50,Ger North J50,3,possession,5-3-2,57.6,3.27,7.36,8.72,1
51,Ger United K51,3,direct,3-5-2,44.8,5.52,6.5,6.4,1
52,Ger East L52,3,possession,3-5-2,58.6,4.25,7.28,7.67,1
53,Ger South M53,3,counter,4-4-2,40.6,5.62,3.41,6.33,1
54,Ger Rovers N54,3,possession,3-5-2,56.5,7.22,8.61,9.92,1
55,Ger Town O55,3,counter,4-5-1,46.7,6.21,6.12,3.54,1
56,Ger United P56,3,high_press,4-2-3-1,62.9,7.85,6.54,8.56,1
57,Ger Central Q57,3,possession,4-2-3-1,57.1,5.39,6.67,6.93,1
58,Ger Central R58,3,counter,3-4-3,39.9,4.9,5.74,4.19,1
59,Ita Rovers A59,4,direct,4-1-4-1,53.7,5.4,4.31,5.14,1
60,Ita Sporting B60,4,direct,3-5-2,52.1,5.66,5.53,4.15,1
61,Ita Rovers C61,4,possession,5-3-2,58.0,6.47,8.44,6.53,1
62,Ita South D62,4,high_press,5-3-2,60.9,6.34,8.74,6.55,1
63,Ita Rovers E63,4,direct,4-1-4-1,52.0,5.97,6.13,6.18,1
64,Ita West F64,4,direct,4-4-2,48.9,3.48,5.46,3.69,1
65,Ita Villa G65,4,possession,3-4-3,63.6,5.33,7.09,9.06,1
66,Ita United H66,4,direct,3-4-3,49.0,7.66,3.48,3.47,1
67,Ita City I67,4,high_press,4-4-2,59.9,7.67,8.1,8.68,1
68,Ita Villa J68,4,counter,5-3-2,46.4,4.35,4.46,4.26,1
69,Ita South K69,4,counter,4-3-3,37.2,7.68,4.75,4.53,1
70,Ita Athletic L70,4,high_press,4-3-3,64.0,9.12,6.92,7.51,1
71,Ita Villa M71,4,high_press,4-1-4-1,60.8,9.8,5.47,9.4,1
72,Ita South N72,4,high_press,4-4-2,58.8,8.74,5.05,7.82,1
73,Ita United O73,4,high_press,4-5-1,54.4,7.83,6.77,7.21,1
74,Ita Town P74,4,direct,5-3-2,41.7,7.99,6.52,4.14,1
75,Ita Sporting Q75,4,direct,4-5-1,41.6,8.0,5.66,5.6,1
76,Ita Villa R76,4,possession,5-3-2,55.4,4.2,5.57,9.11,1
77,Ita East S77,4,direct,4-3-3,53.7,6.28,3.14,3.02,1
78,Ita Athletic T78,4,possession,4-5-1,67.0,4.19,8.4,6.23,1
79,Fra Royal A79,5,high_press,4-5-1,63.9,9.09,7.79,9.35,1
80,Fra East B80,5,possession,3-5-2,56.9,5.52,7.98,8.52,1
81,Fra South C81,5,possession,4-5-1,57.3,6.67,5.77,7.08,1
82,Fra Rovers D82,5,high_press,3-4-3,59.2,6.22,7.47,6.17,1
83,Fra Central E83,5,possession,4-1-4-1,65.6,3.87,5.37,6.73,1
84,Fra Royal F84,5,direct,3-4-3,51.8,6.18,5.29,3.58,1
85,Fra Royal G85,5,possession,4-1-4-1,59.5,5.89,7.8,8.6,1
86,Fra South H86,5,direct,4-3-3,47.6,5.02,4.9,3.48,1
87,Fra Royal I87,5,direct,4-3-3,44.2,4.52,4.71,5.44,1
88,Fra Royal J88,5,high_press,4-1-4-1,56.1,6.87,7.35,7.27,1
89,Fra Central K89,5,direct,4-4-2,46.3,5.37,3.9,5.29,1
90,Fra City L90,5,high_press,3-4-3,59.7,8.61,6.26,9.15,1
91,Fra Town M91,5,counter,3-4-3,41.5,6.13,4.44,5.05,1
92,Fra Villa N92,5,high_press,3-4-3,63.8,8.01,7.08,9.2,1
93,Fra Villa O93,5,possession,4-2-3-1,67.6,5.47,5.46,6.29,1
94,Fra North P94,5,direct,4-5-1,44.2,4.67,3.69,4.26,1
95,Fra City Q95,5,possession,5-3-2,55.2,7.14,8.43,7.49,1
96,Fra Athletic R96,5,possession,4-3-3,56.8,4.82,8.83,9.98,1
97,Net Rovers A97,6,counter,4-5-1,39.7,6.44,5.82,4.55,2
98,Net North B98,6,high_press,4-2-3-1,53.1,8.1,5.66,6.66,2
99,Net Sporting C99,6,counter,4-5-1,49.8,5.78,6.36,6.96,2
100,Net Royal D00,6,possession,3-4-3,60.9,3.4,8.02,7.74,2
101,Net Sporting E01,6,counter,3-5-2,37.3,3.9,6.63,3.18,2
102,Net West F02,6,possession,4-3-3,62.4,5.93,6.97,6.34,2
103,Net Town G03,6,counter,4-3-3,47.7,6.19,5.6,5.68,2
104,Net North H04,6,direct,3-4-3,45.5,5.7,4.35,6.38,2
105,Net West I05,6,counter,3-5-2,46.5,7.26,5.02,6.64,2
106,Net Villa J06,6,high_press,4-4-2,55.1,8.0,7.13,6.42,2
107,Net Central K07,6,possession,3-5-2,68.8,6.15,5.71,7.36,2
108,Net North L08,6,possession,4-2-3-1,68.9,5.24,6.23,8.39,2
109,Net Town M09,6,high_press,4-4-2,54.2,8.81,7.54,9.93,2
110,Net United N10,6,high_press,4-1-4-1,61.4,9.61,7.88,9.85,2
111,Net Sporting O11,6,high_press,4-5-1,63.0,6.46,7.93,7.76,2
112,Net Sporting P12,6,high_press,4-1-4-1,64.5,9.94,6.15,8.94,2
113,Net Rovers Q13,6,direct,5-3-2,45.2,3.62,3.16,6.11,2
114,Net Rovers R14,6,counter,4-1-4-1,42.0,7.89,4.65,6.17,2
115,Por West A15,7,high_press,4-4-2,58.3,9.21,8.7,9.29,2
116,Por Central B16,7,possession,4-4-2,55.7,3.55,7.7,8.85,2
117,Por Villa C17,7,high_press,4-5-1,63.0,8.96,8.2,6.2,2
118,Por Sporting D18,7,possession,4-4-2,67.9,3.02,7.06,8.71,2
119,Por Royal E19,7,high_press,4-4-2,56.0,9.58,7.69,6.95,2
120,Por Central F20,7,direct,3-4-3,52.8,4.49,5.36,4.59,2
121,Por Royal G21,7,possession,4-2-3-1,68.3,3.94,5.34,7.37,2
122,Por Town H22,7,high_press,3-5-2,65.0,7.19,6.63,6.55,2
123,Por United I23,7,possession,3-4-3,70.0,6.5,7.38,7.57,2
124,Por United J24,7,direct,4-3-3,42.0,4.83,3.27,3.81,2
125,Por Villa K25,7,high_press,4-4-2,56.8,8.54,6.37,7.68,2
126,Por City L26,7,direct,4-1-4-1,48.1,4.42,6.59,3.94,2
127,Por Sporting M27,7,high_press,4-2-3-1,63.6,8.12,7.97,8.36,2
128,Por West N28,7,high_press,4-4-2,53.6,7.29,5.62,9.5,2
129,Por Villa O29,7,possession,4-2-3-1,63.4,6.96,8.14,7.75,2
130,Por Rovers P30,7,counter,4-1-4-1,45.1,7.07,6.61,6.15,2
131,Por Town Q31,7,counter,4-3-3,43.4,3.51,5.61,6.82,2
132,Por Royal R32,7,high_press,4-1-4-1,50.5,9.84,5.41,6.16,2
133,Tur North A33,8,possession,4-3-3,56.0,5.28,7.06,7.25,2
134,Tur South B34,8,possession,4-5-1,60.8,3.3,7.79,6.83,2
135,Tur Royal C35,8,direct,4-2-3-1,45.9,5.08,3.01,3.45,2
136,Tur North D36,8,direct,4-3-3,47.6,5.45,4.33,4.73,2
137,Tur Villa E37,8,high_press,4-5-1,62.6,7.04,6.29,6.97,2
138,Tur Sporting F38,8,counter,4-5-1,38.4,4.65,6.72,3.19,2
139,Tur North G39,8,counter,3-5-2,45.7,3.75,3.19,3.55,2
140,Tur North H40,8,direct,4-4-2,42.8,3.16,3.44,5.48,2
141,Tur West I41,8,counter,4-3-3,43.5,5.95,6.4,3.02,2
142,Tur Sporting J42,8,direct,3-4-3,42.4,6.86,6.42,4.02,2
143,Tur City K43,8,possession,4-1-4-1,61.8,6.02,8.94,7.45,2
144,Tur Central L44,8,direct,4-3-3,52.0,6.0,3.87,4.66,2
145,Tur City M45,8,high_press,4-2-3-1,51.2,6.12,6.39,6.08,2
146,Tur City N46,8,possession,5-3-2,65.6,6.69,6.27,9.56,2
147,Tur Town O47,8,possession,3-4-3,56.9,3.72,7.77,6.69,2
148,Tur Rovers P48,8,high_press,4-4-2,50.1,6.07,8.97,8.34,2
149,Tur East Q49,8,counter,4-3-3,48.5,7.4,5.14,5.49,2
150,Tur North R50,8,counter,5-3-2,43.9,4.47,5.65,6.34,2
151,Sco Sporting A51,9,possession,4-4-2,63.9,4.16,8.5,7.01,2
152,Sco Athletic B52,9,high_press,4-3-3,55.9,8.71,7.9,8.27,2
153,Sco North C53,9,counter,4-5-1,49.8,5.1,5.06,3.05,2
154,Sco United D54,9,direct,4-2-3-1,46.1,3.47,6.56,4.58,2
155,Sco Villa E55,9,possession,5-3-2,57.2,7.81,5.71,6.8,2
156,Sco Villa F56,9,direct,4-1-4-1,43.2,5.35,5.93,6.51,2
157,Sco Rovers G57,9,high_press,3-5-2,57.8,8.97,7.92,9.13,2
158,Sco South H58,9,high_press,3-5-2,63.6,9.46,8.19,6.4,2
159,Sco Town I59,9,possession,4-3-3,66.2,3.12,8.92,7.51,2
160,Sco Villa J60,9,high_press,4-1-4-1,55.9,7.28,7.43,8.32,2
161,Sco Central K61,9,counter,3-5-2,44.0,7.68,4.87,3.79,2
162,Sco Royal L62,9,counter,4-2-3-1,37.0,3.81,5.74,4.36,2
163,Bel Central A63,10,possession,4-1-4-1,58.7,3.49,8.01,9.52,2
164,Bel East B64,10,counter,3-5-2,37.8,5.61,4.87,4.04,2
165,Bel Villa C65,10,possession,4-4-2,62.2,7.8,7.61,7.98,2
166,Bel West D66,10,possession,4-3-3,59.4,6.82,8.51,9.61,2
167,Bel Rovers E67,10,possession,4-1-4-1,69.7,7.76,5.29,6.55,2
168,Bel Athletic F68,10,counter,4-3-3,36.5,7.23,5.47,5.17,2
169,Bel United G69,10,high_press,4-3-3,53.8,6.64,8.41,8.34,2
170,Bel West H70,10,high_press,5-3-2,55.6,7.62,8.04,9.09,2
171,Bel Royal I71,10,possession,4-3-3,69.1,3.6,8.58,6.4,2
172,Bel Villa J72,10,counter,4-3-3,37.7,5.07,4.8,3.98,2
173,Bel City K73,10,direct,5-3-2,52.8,7.37,4.36,5.12,2
174,Bel West L74,10,possession,4-2-3-1,57.4,7.7,8.55,9.11,2
175,Bel Central M75,10,counter,3-4-3,42.4,5.65,5.15,4.74,2
176,Bel South N76,10,possession,4-2-3-1,69.3,5.41,8.81,6.65,2
177,Bel East O77,10,counter,3-4-3,38.1,4.27,3.12,3.48,2
178,Bel Central P78,10,direct,4-4-2,49.1,5.33,4.6,5.13,2
179,Eng Town A79,11,high_press,4-3-3,64.8,9.27,7.97,7.88,3
180,Eng Villa B80,11,possession,4-5-1,60.1,3.25,6.37,9.18,3
181,Eng United C81,11,high_press,3-4-3,61.3,9.17,5.85,9.7,3
182,Eng Sporting D82,11,counter,4-2-3-1,35.0,7.97,4.12,3.25,3
183,Eng South E83,11,counter,3-5-2,36.9,3.76,5.53,4.57,3
184,Eng Central F84,11,direct,5-3-2,50.9,5.31,5.64,5.4,3
185,Eng Rovers G85,11,possession,3-5-2,69.3,4.71,5.71,8.71,3
186,Eng North H86,11,direct,3-4-3,46.7,7.46,6.0,6.97,3
187,Eng City I87,11,counter,3-4-3,44.9,4.51,6.79,4.47,3
188,Eng Royal J88,11,high_press,3-5-2,58.4,8.88,7.04,9.63,3
189,Eng West K89,11,counter,3-5-2,44.7,4.71,4.63,4.76,3
190,Eng South L90,11,possession,4-5-1,65.0,6.28,7.65,6.08,3
191,Eng Villa M91,11,direct,4-2-3-1,43.0,6.89,6.44,3.99,3
192,Eng South N92,11,high_press,4-3-3,54.1,6.55,6.13,8.7,3
193,Eng Athletic O93,11,direct,4-1-4-1,43.0,5.71,5.81,6.81,3
194,Eng West P94,11,high_press,5-3-2,59.4,7.28,8.9,7.6,3
195,Eng Central Q95,11,counter,5-3-2,35.3,5.0,6.5,5.44,3
196,Eng Rovers R96,11,counter,4-3-3,47.8,4.61,5.18,4.96,3
197,Eng Central S97,11,counter,5-3-2,40.0,4.22,6.65,6.7,3
198,Eng Rovers T98,11,direct,4-1-4-1,51.2,6.82,6.05,4.92,3
199,Eng United U99,11,high_press,3-5-2,53.6,8.58,6.16,7.03,3
200,Eng Royal V00,11,high_press,4-2-3-1,53.3,9.26,8.44,6.67,3
201,Eng City W01,11,counter,4-4-2,40.0,6.99,6.36,3.55,3
202,Eng South X02,11,direct,3-4-3,45.9,7.99,3.77,3.62,3
203,Ger Rovers A03,12,possession,3-5-2,64.3,7.66,8.92,6.28,3
204,Ger Town B04,12,possession,3-4-3,59.1,7.42,7.65,6.45,3
205,Ger West C05,12,high_press,4-5-1,52.6,7.69,7.21,8.0,3
206,Ger Sporting D06,12,high_press,4-5-1,64.9,10.0,7.07,6.38,3
207,Ger East E07,12,high_press,5-3-2,64.6,7.27,6.84,7.7,3
208,Ger Sporting F08,12,possession,4-2-3-1,60.3,6.94,8.33,9.28,3
209,Ger East G09,12,direct,3-5-2,44.8,6.74,6.21,4.97,3
210,Ger South H10,12,direct,4-2-3-1,53.2,3.48,3.61,5.14,3
211,Ger South I11,12,counter,4-4-2,35.8,3.0,4.75,6.1,3
212,Ger Sporting J12,12,possession,4-2-3-1,67.3,3.84,5.59,9.44,3
213,Ger Athletic K13,12,counter,4-5-1,43.1,7.1,3.37,4.58,3
214,Ger West L14,12,high_press,3-4-3,61.3,8.02,8.0,7.86,3
215,Ger City M15,12,counter,4-2-3-1,38.3,4.04,6.01,3.48,3
216,Ger East N16,12,possession,4-2-3-1,57.6,7.12,6.59,9.96,3
217,Ger Rovers O17,12,direct,4-3-3,49.8,5.24,4.57,6.5,3
218,Ger Villa P18,12,direct,4-1-4-1,42.9,4.1,5.62,4.16,3
219,Ger United Q19,12,counter,5-3-2,43.5,5.75,6.31,5.84,3
220,Ger North R20,12,possession,3-4-3,64.0,5.43,6.04,7.67,3
221,Ita South A21,13,counter,4-5-1,47.4,5.81,4.54,4.08,3
222,Ita Central B22,13,high_press,4-3-3,58.5,8.71,5.26,6.0,3
223,Ita South C23,13,possession,4-3-3,68.4,6.23,5.69,9.56,3
224,Ita United D24,13,counter,4-5-1,49.0,3.3,3.86,5.34,3
225,Ita South E25,13,counter,4-3-3,45.2,4.07,3.4,3.83,3
226,Ita East F26,13,counter,3-4-3,37.0,7.3,4.28,4.44,3
227,Ita Town G27,13,possession,4-4-2,60.4,4.32,7.44,6.82,3
228,Ita Rovers H28,13,direct,4-4-2,41.5,3.54,3.46,5.48,3
229,Ita South I29,13,counter,4-4-2,47.8,6.77,6.28,5.1,3
230,Ita North J30,13,direct,3-5-2,46.0,4.62,6.79,5.31,3
231,Ita West K31,13,direct,4-5-1,42.6,7.89,4.99,4.97,3
232,Ita Central L32,13,direct,4-1-4-1,46.0,5.92,3.51,4.28,3
233,Ita Sporting M33,13,possession,4-3-3,56.5,7.33,7.36,7.43,3
234,Ita Royal N34,13,counter,3-5-2,44.5,7.63,6.73,4.57,3
235,Ita Central O35,13,direct,4-2-3-1,46.8,5.84,4.85,5.64,3
236,Ita Central P36,13,high_press,4-2-3-1,55.2,7.51,5.38,6.66,3
237,Ita United Q37,13,high_press,5-3-2,55.8,6.86,7.25,9.02,3
238,Ita Town R38,13,counter,3-4-3,48.9,5.99,5.68,3.21,3
239,Ita Sporting S39,13,high_press,4-1-4-1,55.9,9.7,7.32,6.02,3
240,Ita Sporting T40,13,possession,4-1-4-1,63.4,3.13,7.97,9.41,3
241,Spa Villa A41,14,possession,3-5-2,62.0,3.03,8.15,7.32,3
242,Spa Central B42,14,direct,4-1-4-1,48.5,4.35,3.64,6.1,3
243,Spa Villa C43,14,possession,3-5-2,63.0,7.83,8.85,9.42,3
244,Spa Athletic D44,14,possession,4-1-4-1,68.2,4.87,5.4,9.24,3
245,Spa Rovers E45,14,high_press,3-5-2,58.5,9.93,7.43,7.7,3
246,Spa Royal F46,14,counter,4-3-3,36.8,6.97,6.35,4.14,3
247,Spa Royal G47,14,high_press,4-2-3-1,63.1,6.1,7.08,7.85,3
248,Spa East H48,14,high_press,3-4-3,60.0,7.51,7.47,6.16,3
249,Spa United I49,14,high_press,3-5-2,57.8,6.86,5.56,6.75,3
250,Spa South J50,14,counter,4-3-3,49.2,5.02,6.24,6.9,3
251,Spa South K51,14,possession,4-4-2,64.8,7.36,7.54,7.72,3
252,Spa North L52,14,counter,4-2-3-1,43.0,7.97,6.83,3.16,3
253,Spa City M53,14,possession,5-3-2,59.5,7.51,5.18,9.74,3
254,Spa South N54,14,direct,4-1-4-1,40.9,7.17,3.62,5.14,3
255,Spa East O55,14,possession,4-1-4-1,63.5,4.99,6.78,6.25,3
256,Spa Central P56,14,direct,4-2-3-1,42.8,4.43,6.86,3.38,3
257,Spa Central Q57,14,high_press,4-5-1,60.6,9.32,8.9,9.37,3
258,Spa South R58,14,direct,5-3-2,51.9,5.73,5.17,6.6,3
259,Spa West S59,14,possession,4-1-4-1,65.6,5.41,6.83,7.55,3
260,Spa Royal T60,14,counter,4-3-3,36.3,3.39,6.12,4.78,3
261,Spa West U61,14,possession,4-1-4-1,64.2,3.18,5.63,6.82,3
262,Spa East V62,14,direct,4-5-1,47.7,7.68,6.91,3.95,3
263,Fra Central A63,15,high_press,4-4-2,52.3,6.25,5.78,8.27,3
264,Fra United B64,15,direct,4-2-3-1,49.4,4.01,6.2,5.47,3
265,Fra Royal C65,15,high_press,4-5-1,64.2,7.39,5.36,6.9,3
266,Fra Rovers D66,15,counter,3-4-3,40.7,6.85,5.16,3.73,3
267,Fra City E67,15,high_press,4-2-3-1,59.8,8.69,6.74,6.91,3
268,Fra East F68,15,high_press,4-1-4-1,64.1,6.75,5.43,7.99,3
269,Fra United G69,15,high_press,3-4-3,57.6,7.75,8.98,7.95,3
270,Fra Royal H70,15,counter,4-1-4-1,36.0,5.96,3.91,5.55,3
271,Fra City I71,15,high_press,4-4-2,64.7,7.88,8.59,7.9,3
272,Fra Town J72,15,possession,4-5-1,64.7,6.91,6.71,8.55,3
273,Fra Rovers K73,15,possession,4-5-1,64.5,4.74,7.65,8.69,3
274,Fra Central L74,15,direct,5-3-2,46.4,7.06,5.02,5.95,3
275,Fra Central M75,15,counter,3-5-2,38.2,6.73,3.52,3.79,3
276,Fra City N76,15,high_press,4-4-2,63.4,7.09,5.44,9.82,3
277,Fra City O77,15,direct,4-3-3,43.0,4.46,5.12,6.53,3
278,Fra City P78,15,direct,4-3-3,42.6,4.79,4.91,3.59,3
279,Fra South Q79,15,counter,4-2-3-1,39.6,3.64,5.2,5.82,3
280,Fra United R80,15,possession,3-5-2,66.7,6.74,8.26,7.79,3
281,Fra Central S81,15,counter,4-5-1,38.6,4.8,3.71,4.87,3
282,Fra West T82,15,counter,5-3-2,46.3,4.57,4.09,3.52,3
283,Eng North A83,16,possession,3-5-2,59.5,4.85,5.94,9.05,4
284,Eng United B84,16,direct,4-2-3-1,49.6,7.34,7.0,5.45,4
285,Eng City C85,16,counter,4-1-4-1,48.6,6.96,4.84,3.32,4
286,Eng United D86,16,possession,3-4-3,62.4,5.04,7.27,8.21,4
287,Eng Town E87,16,high_press,4-5-1,51.6,6.9,8.17,9.39,4
288,Eng Villa F88,16,direct,5-3-2,53.3,4.57,4.61,4.07,4
289,Eng East G89,16,direct,3-4-3,54.1,4.72,5.23,4.19,4
290,Eng East H90,16,possession,4-3-3,55.9,7.75,6.61,9.34,4
291,Eng Villa I91,16,possession,5-3-2,57.9,3.88,8.25,7.06,4
292,Eng South J92,16,direct,4-5-1,50.2,7.07,3.94,4.1,4
293,Eng Town K93,16,counter,4-1-4-1,39.0,5.15,4.73,4.01,4
294,Eng Town L94,16,direct,3-4-3,45.7,7.18,3.85,3.02,4
295,Eng City M95,16,high_press,3-4-3,64.9,6.15,5.83,8.08,4
296,Eng South N96,16,direct,4-5-1,45.9,6.74,4.49,3.76,4
297,Eng City O97,16,possession,4-3-3,61.2,5.4,8.45,8.57,4
298,Eng Rovers P98,16,high_press,4-3-3,56.2,7.61,8.69,6.98,4
299,Eng East Q99,16,direct,5-3-2,51.3,3.49,4.87,3.8,4
300,Eng United R00,16,possession,3-5-2,59.3,6.98,8.63,9.21,4
301,Eng United S01,16,high_press,4-2-3-1,54.1,7.02,5.54,9.78,4
302,Eng East T02,16,counter,4-1-4-1,47.7,5.0,3.14,3.65,4
303,Eng West U03,16,direct,5-3-2,51.7,4.05,6.67,6.4,4
304,Eng East V04,16,direct,4-4-2,40.8,7.34,4.22,5.48,4
305,Eng Rovers W05,16,high_press,4-5-1,51.9,9.12,8.75,8.91,4
306,Eng Villa X06,16,counter,4-4-2,42.9,6.72,6.28,6.0,4
307,Ger United A07,17,high_press,4-2-3-1,51.8,6.95,7.01,8.02,4
308,Ger Royal B08,17,high_press,4-5-1,61.8,9.65,5.99,8.95,4
309,Ger North C09,17,counter,5-3-2,42.8,3.94,6.18,6.84,4
310,Ger Villa D10,17,high_press,4-5-1,64.8,7.41,7.55,7.9,4
311,Ger United E11,17,possession,4-1-4-1,56.4,5.06,8.5,7.14,4
312,Ger Central F12,17,direct,3-4-3,54.7,7.42,4.21,6.08,4
313,Ger Royal G13,17,possession,4-2-3-1,64.1,6.29,8.32,6.1,4
314,Ger City H14,17,possession,4-1-4-1,63.5,5.48,5.22,7.39,4
315,Ger Central I15,17,direct,4-5-1,40.5,4.98,6.78,3.2,4
316,Ger West J16,17,high_press,3-4-3,63.0,8.98,8.54,6.86,4
317,Ger Central K17,17,high_press,3-4-3,61.7,6.98,5.92,6.11,4
318,Ger City L18,17,direct,3-5-2,49.5,6.72,5.13,4.9,4
319,Ger North M19,17,possession,3-5-2,64.6,4.01,8.55,9.25,4
320,Ger Athletic N20,17,counter,4-1-4-1,37.1,7.86,6.61,6.69,4
321,Ger Central O21,17,direct,4-2-3-1,42.5,4.06,3.36,3.48,4
322,Ger Rovers P22,17,possession,4-4-2,56.1,3.66,8.31,8.32,4
323,Ger Rovers Q23,17,possession,4-5-1,64.5,7.41,7.55,8.09,4
324,Ger Royal R24,17,high_press,3-5-2,55.2,7.87,5.68,9.19,4
325,Ita Rovers A25,18,direct,4-2-3-1,42.3,4.23,6.37,4.32,4
326,Ita Villa B26,18,high_press,5-3-2,51.2,9.06,6.23,6.87,4
327,Ita Central C27,18,counter,5-3-2,48.6,4.48,5.28,4.16,4
328,Ita Sporting D28,18,high_press,4-2-3-1,59.2,8.49,5.54,8.77,4
329,Ita Royal E29,18,high_press,5-3-2,60.2,6.3,6.79,7.64,4
330,Ita East F30,18,possession,4-1-4-1,61.6,6.71,5.95,9.32,4
331,Ita City G31,18,counter,3-4-3,46.4,5.36,5.0,5.48,4
332,Ita United H32,18,direct,4-1-4-1,47.9,6.01,5.95,3.29,4
333,Ita Rovers I33,18,counter,3-4-3,42.2,7.61,4.97,4.87,4
334,Ita Royal J34,18,direct,3-4-3,42.7,4.08,3.38,3.0,4
335,Ita Rovers K35,18,high_press,3-5-2,61.5,8.93,5.13,8.28,4
336,Ita Rovers L36,18,possession,4-4-2,57.5,6.13,6.3,8.57,4
337,Ita East M37,18,counter,3-5-2,46.4,4.15,6.62,5.0,4
338,Ita Villa N38,18,direct,3-5-2,55.0,4.12,4.15,4.0,4
339,Ita Central O39,18,high_press,4-2-3-1,58.7,9.97,8.96,8.11,4
340,Ita Villa P40,18,high_press,5-3-2,64.0,6.82,7.11,9.33,4
341,Ita Athletic Q41,18,possession,4-2-3-1,61.6,7.93,8.94,9.62,4
342,Ita West R42,18,direct,4-1-4-1,44.8,5.74,5.24,5.02,4
343,Ita United S43,18,high_press,5-3-2,56.1,9.0,6.33,7.32,4
344,Ita East T44,18,possession,3-5-2,67.8,5.23,5.91,9.04,4
345,Spa Villa A45,19,direct,3-4-3,40.3,4.58,3.71,5.62,5
346,Spa North B46,19,counter,5-3-2,35.8,5.91,3.09,6.4,5
347,Spa Royal C47,19,possession,4-3-3,64.1,5.22,6.77,6.29,5
348,Spa Villa D48,19,direct,5-3-2,40.2,3.89,6.62,5.2,5
349,Spa Rovers E49,19,high_press,4-3-3,53.0,8.64,7.9,8.4,5
350,Spa United F50,19,direct,4-5-1,44.5,5.39,4.44,3.9,5
351,Spa Athletic G51,19,high_press,4-4-2,55.3,8.85,5.07,7.76,5
352,Spa Athletic H52,19,high_press,4-3-3,61.6,9.24,7.85,6.41,5
353,Spa Athletic I53,19,direct,3-5-2,49.1,4.23,3.17,3.89,5
354,Spa Royal J54,19,counter,4-3-3,37.7,7.12,6.7,3.81,5
355,Spa Villa K55,19,high_press,4-1-4-1,50.3,9.7,8.81,6.05,5
356,Spa Rovers L56,19,direct,5-3-2,53.6,7.85,5.2,3.31,5
357,Spa United M57,19,possession,4-5-1,64.2,6.07,6.67,8.29,5
358,Spa City N58,19,possession,5-3-2,56.1,6.65,8.4,7.89,5
359,Spa Rovers O59,19,high_press,3-4-3,54.7,9.88,7.93,7.48,5
360,Spa East P60,19,possession,3-5-2,62.0,7.71,7.94,6.86,5
361,Spa United Q61,19,direct,4-5-1,45.7,7.26,3.97,5.47,5
362,Spa West R62,19,direct,4-4-2,50.4,7.94,3.6,3.35,5
363,Fra South A63,20,high_press,5-3-2,55.1,6.28,6.9,9.02,5
364,Fra Central B64,20,counter,3-4-3,47.7,5.6,6.37,4.79,5
365,Fra West C65,20,direct,4-1-4-1,49.8,3.58,6.54,4.96,5
366,Fra South D66,20,possession,4-2-3-1,65.3,3.24,6.15,6.56,5
367,Fra Sporting E67,20,possession,3-5-2,61.2,5.61,6.12,6.13,5
368,Fra Central F68,20,high_press,4-2-3-1,59.8,6.43,5.06,6.99,5
369,Fra East G69,20,counter,3-5-2,40.9,7.05,4.51,5.12,5
370,Fra North H70,20,high_press,4-3-3,57.7,7.38,6.69,6.4,5
371,Fra Villa I71,20,possession,4-5-1,69.1,3.11,7.41,9.06,5
372,Fra Town J72,20,counter,4-5-1,44.5,7.65,6.92,3.17,5
373,Fra East K73,20,counter,3-5-2,43.2,3.73,4.35,6.95,5
374,Fra Royal L74,20,possession,4-4-2,67.6,4.62,6.92,9.91,5
375,Fra Town M75,20,counter,3-5-2,37.0,3.26,6.78,4.06,5
376,Fra South N76,20,high_press,4-4-2,56.4,9.72,7.01,9.88,5
377,Fra Royal O77,20,direct,4-2-3-1,47.6,7.3,4.79,4.12,5
378,Fra Royal P78,20,direct,4-5-1,48.0,7.88,3.75,4.21,5
379,Fra United Q79,20,possession,4-4-2,60.9,4.0,7.72,6.73,5
380,Fra West R80,20,high_press,4-2-3-1,55.3,7.4,7.87,7.87,5
